BEGIN;

SET search_path TO javaprak, public;

INSERT INTO "Уровень_образования" ("ID_уровня", "Название") VALUES
(1, 'Среднее'),
(2, 'Среднее профессиональное'),
(3, 'Бакалавриат'),
(4, 'Магистратура'),
(5, 'Аспирантура');

INSERT INTO "Должность" ("ID_должности", "Название") VALUES
(1, 'Java-разработчик'),
(2, 'Backend-разработчик'),
(3, 'Системный аналитик'),
(4, 'Data Analyst'),
(5, 'DevOps-инженер'),
(6, 'QA-инженер');

INSERT INTO "Соискатель" ("ID_соискателя", "ФИО", "Контактная_информация", "Дата_рождения", "Домашний_адрес", "Статус") VALUES
(1, 'Иванов Иван Сергеевич', '+7 (495) 123-45-67; ivanov.is@mail.ru', '1999-04-12', 'г. Москва, ул. Тверская, д. 10, кв. 15', TRUE),
(2, 'Петрова Анна Викторовна', '+7 (812) 222-33-44; anna.petrova@yandex.ru', '2001-11-03', 'г. Санкт-Петербург, Невский пр., д. 85, кв. 27', TRUE),
(3, 'Смирнов Дмитрий Олегович', '+7 (343) 555-66-77; d.smirnov@bk.ru', '1997-02-25', 'г. Екатеринбург, ул. Малышева, д. 21, кв. 8', FALSE),
(4, 'Кузнецова Мария Андреевна', '+7 (383) 777-88-99; maria.kuz@mail.ru', '2000-07-19', 'г. Новосибирск, ул. Ленина, д. 5, кв. 41', TRUE),
(5, 'Соколов Артём Ильич', '+7 (863) 900-12-34; sokolov.ai@outlook.com', '1998-09-08', 'г. Ростов-на-Дону, ул. Большая Садовая, д. 120, кв. 3', FALSE);

INSERT INTO "Компания" ("ID_компании", "Название", "Контактная_информация") VALUES
(1, 'Яндекс', '+7 (495) 739-70-00; hr@yandex-team.ru; г. Москва, ул. Льва Толстого, 16'),
(2, 'Сбер', '+7 (495) 500-55-50; career@sber.ru; г. Москва, ул. Вавилова, 19'),
(3, 'VK', '+7 (495) 725-63-57; jobs@vk.company; г. Москва, Ленинградский проспект, 39'),
(4, 'Тинькофф', '+7 (495) 648-10-00; recruitment@tinkoff.ru; г. Москва, ул. 2-я Хуторская, 38А'),
(5, 'Газпром нефть', '+7 (812) 363-31-52; hr@gazprom-neft.ru; г. Санкт-Петербург, ул. Галерная, 5');

INSERT INTO "Резюме" ("ID_резюме", "Соискатель", "ID_должности", "Желаемая_зарплата_мин", "Актуально") VALUES
(1, 1, 1, 180000, TRUE),
(2, 1, 2, 200000, FALSE),
(3, 2, 6, 120000, TRUE),
(4, 3, 5, 220000, TRUE),
(5, 4, 3, 160000, TRUE),
(6, 5, 4, 150000, FALSE);

INSERT INTO "Образование" ("ID_образования", "Уровень", "Место_учебы", "Направление", "Дата_начала", "Дата_окончания") VALUES
(1, 3, 'МГУ имени М.В. Ломоносова', 'Прикладная математика и информатика', '2017-09-01', '2021-06-30'),
(2, 4, 'МГУ имени М.В. Ломоносова', 'Программная инженерия', '2021-09-01', '2023-06-30'),
(3, 3, 'СПбГУ', 'Информационные системы и технологии', '2018-09-01', '2022-06-30'),
(4, 3, 'НИУ ВШЭ', 'Компьютерные науки', '2018-09-01', '2022-06-30'),
(5, 4, 'НИУ ВШЭ', 'Аналитика данных', '2022-09-01', '2024-06-30'),
(6, 2, 'Колледж информатики и программирования', 'Программирование в компьютерных системах', '2016-09-01', '2019-06-30'),
(7, 3, 'УрФУ', 'Прикладная информатика', '2015-09-01', '2019-06-30'),
(8, 5, 'МФТИ', 'Системный анализ', '2020-09-01', '2024-06-30');

INSERT INTO "Опыт_работы" ("ID_опыта", "Компания", "ID_должности", "Дата_начала", "Дата_окончания", "Зарплата") VALUES
(1, 'ООО «Рога и Копыта»', 6, '2020-06-01', '2021-08-31', 90000),
(2, 'АО «ТехИнтеграция»', 2, '2021-09-01', '2023-01-31', 150000),
(3, 'ООО «СеверСофт»', 1, '2023-02-01', NULL, 210000),
(4, 'ПАО «Банк развития»', 3, '2020-02-01', '2022-04-30', 140000),
(5, 'ООО «Облака и Сервисы»', 5, '2022-05-01', NULL, 230000),
(6, 'ООО «ДатаЛаб»', 4, '2019-07-01', '2021-12-31', 130000),
(7, 'АО «ИнфоСистемы»', 3, '2022-01-01', '2024-01-31', 170000),
(8, 'ИП «МастерТест»', 6, '2018-09-01', '2020-05-31', 70000);

INSERT INTO "Вакансия" ("ID_вакансии", "ID_компании", "ID_должности", "Зарплата", "Мин_стаж_месяцев", "Мин_уровень_образования") VALUES
(1, 1, 1, 250000, 24, 3),
(2, 2, 2, 280000, 36, 3),
(3, 3, 6, 160000, 12, 2),
(4, 4, 5, 320000, 24, 3),
(5, 5, 3, 240000, 18, 3),
(6, 1, 4, 220000, 12, 3);

INSERT INTO "Резюме_Образование" ("ID_резюме", "ID_образования") VALUES
(1, 1),
(1, 2),
(2, 1),
(3, 3),
(3, 6),
(4, 7),
(5, 4),
(5, 5),
(6, 5),
(6, 8);

INSERT INTO "Резюме_Опыт" ("ID_резюме", "ID_опыта") VALUES
(1, 2),
(1, 3),
(2, 2),
(3, 1),
(3, 8),
(4, 5),
(5, 4),
(5, 7),
(6, 6);

INSERT INTO "Отклик" ("ID_отклика", "ID_резюме", "ID_вакансии", "Статус", "Дата") VALUES
(1, 1, 1, 'recommended', '2026-02-01'),
(2, 1, 2, 'sent',        '2026-02-05'),
(3, 3, 3, 'rejected',    '2026-02-07'),
(4, 4, 4, 'accepted',    '2026-02-10'),
(5, 5, 5, 'sent',        '2026-02-12'),
(6, 6, 6, 'recommended', '2026-02-15');

COMMIT;